Workflow,Current code path,Authoritative quantity / location,Treatment source,Eligibility method,Sums treatment projections?,Shared reconciliation?,Independent validation?,Normalization?,Concurrency/version,Transaction boundary
Room move / same-company warehouse move,DashboardDataService.CreateRoomTransferCoreAsync:1075 / bulk:997,L; source and destination room,T; explicit segment or signature,Room transfer projection + identity/seal/quantity checks,"T sums projections, bounded by L",T / N during MoveSelected,"Own matching, consolidation and bulk running balances",T during write,Segment versions; expected quantities; operation keys,Serializable outer; bulk joins outer
Room transfer reversal,DashboardDataService.ReverseRoomTransferAsync:1330,L + original paired adjustments,Original lineage movement / reversal,Reversal-specific destination availability,Original segment quantities checked,"T reversal, not N",Original movement and prior reversal checks,Restores original source; reverses destination,Segment versions and reversal keys,Serializable
Cross-company / inter-crew dispatch,InterCrewTransferService.DispatchAsync:124,L -> In Transit custody,Outside transfer source options + T,Source option checks + dispatch provenance,T-derived grouped quantities,T / N on dispatch,Custody route/quantity/identity checks,T during dispatch,Transfer and segment versions; operation key,Serializable
Legacy/internal inter-crew receive,InterCrewTransferService.ReceiveAsync:214; RoomTreatmentService.ReceiveAsync:1574,Dispatched parent/custody -> destination L,Dispatch movements and source application links,Parent status; received-count/variance policy,Allocation sums; receipt variance fallback exists,T receive; not generic N,Own receipt allocation and variance logic,No general destination reconciliation,Transfer + segment versions; receive key,Serializable caller; T joins
Truck Receipt match / variety edit,TruckReceiptReconciliationService.MatchAsync:90 / EditReceiptAsync:107,No new physical inventory; transit parent,Transit evidence,Receipt and transfer versions; route; variety quantities,Transit allocation sums,Not T current-position resolution,Own receipt/custody validation,None,Receipt and transfer versions,Serializable / caller savepoint
Truck Receipt completion,TruckReceiptReconciliationService.CompleteAsync:135,Transit dispatch-minus-returns + L destination,ActiveAllocationsAsync / DestinationSegmentAsync,ValidateTransitAsync and exact received lines,Transit sum vs loaded bins,Independent lifecycle path,Exact-key destination lookup copies source key,No generic normalization,Receipt/transfer/segment versions,Serializable / caller savepoint
Truck Receipt transfer edit / return,TruckReceiptReconciliationService.EditTransferAsync:190,Transit commitments; L for added source; return restores L,Existing source segment or outside-transfer option,ValidateTransitAsync; exact return allocation; new source check,Transit and source segment sums,Add uses shared dispatch; return directly changes segment,Own current/custody calculation,Only shared dispatch branch can N,Transfer/receipt/segment versions,Serializable / caller savepoint
Truck Receipt admin reopen,TruckReceiptReconciliationService.ReopenAsync:263,Reverse exact destination L into transit,Original receive movements and destination segments,"Version, reversal, dependent-movement checks",Exact destination segments,Independent reverse lifecycle path,Own consumed-after-receive checks,None,Receipt/transfer/segment versions,Serializable / caller savepoint
Processor Sale,ProcessorShipmentService.CreateAsync:110 / options:392,L; external processor custody/history,T segment options,"Independent source identity, treatment and running balances",T quantities,T / N on movement,Own option construction and consolidation,T during write,Shipment/segment versions; operation keys,Serializable
Processor Sale reversal,ProcessorShipmentService:313,Original shipment + L restoration,Original processor lineage movement,Shipment reversal rules,Original movement quantities,T reverse,Independent reversal checks,"Restoration, not generic N",Shipment/segment versions,Serializable
Tree Top / Outside Warehouse,OutsideWarehouseTransferService.CreateAsync:134 / options:420,"L deducted; OutsideWarehouseTransfer custody, not receiving inventory",T grouped by treatment,Own source option and exact balance checks,T quantities grouped,T / N on movement,Own grouping/consolidation and status rules,T during write,Transfer/segment versions; operation keys,Serializable
Outside Warehouse reversal,OutsideWarehouseTransferService:328,Original outside custody + L restoration,Original lineage movement,Original transfer not previously reversed,Original segment/movement quantities,T reverse,Own restoration guards,No generic N,Transfer/segment versions,Serializable
Actual Run / dump / packline consumption,BinsRunService.SaveActualRunAsync body:1315 / options:2332,L; only exact current revision may credit its reversed consumption,T via correction treatment plan,"Correction plan, selected segment, source identity, shortage approval",T plus proven same-run restoration,T / N; special correction resolver,"Independent grouped limits, restoration credits and overdraw approval",T inside outer write,Run + segment versions; revision operation key,Serializable
Legacy Bins Run create/edit/reverse,BinsRunService write:2047 / reverse:788,L + original entry credit,T and original reversal movements,Legacy source matching / effective available,T plus entry restoration,T / N,Independent legacy validation and entry restoration,T during write,Operation keys / segment versions; not one shared position token,Serializable
Packout result / finalization / reopen,PackoutReconciliationService.UploadAsync:51 / allocation:949,Already consumed ActualRun revision / expectation,Stored run provenance,Result reconciliation/locking; does not consume bins a second time,No physical lineage sum,No consuming call required,"Result allocation is reporting, not room availability",None,Packout version / operation coordinator,Own reporting transactions; physical consumption belongs to BinsRun
Repack,Repository search: no dedicated repack command found,Uses normal run if represented as another ActualRun,Same as ActualRun,No separate repack eligibility implementation found,See ActualRun,See ActualRun,Future dedicated route must be registered,See ActualRun,See ActualRun,See ActualRun; packed-product reintroduction is not proven by this repository
Ordinary receiving (web),DashboardDataService.CreateReceiptAsync:1671,ReceiptAdd ledger entry; receipt identity and room,Implicit untreated unless receiving treatment is applied,Receipt validation / identity guard,No projection sum for physical receipt quantity,Does not use T for initial quantity,Receipt producer independently creates L,No historical normalization,Receipt version and database identity rules,Inventory path Serializable
Ordinary receiving edits (web),DashboardDataService.UpdateReceiptAsync:1978,L / receipt-specific balance for permitted inventory addition; saved quantity/established identity changes require admin override,Implicit receipt lineage; no treatment delta in ordinary update,Quantity/identity edits rejected; received-date baseline guard,No T eligibility,No shared normalization,Own receipt-specific balance; normal edits cannot bypass override requirement,None,Receipt version changes; transaction for inventory addition or date change,Serializable inventory path; receipt balance read inside transaction
Receiving API create/edit,CropQc.Api.Services.ReceiptService.CreateAsync:20 / UpdateSameDayAsync:106,Receipt row only in this service; no ledger adapter,None,DTO/same-day validation; key change marks QC review,No,No,"Separate implementation, separate audit save",None,No shared inventory version/revalidation,No explicit operation transaction; SaveChanges then audit
Room fill / manual positive true-up,DashboardDataService.CreateRoomInventoryTrueUpAsync:862,L delta; rejects negative true-up,AddUnknownAsync for added bins,Exact snapshot match / superseded identity guard,No physical sum from T,T AddUnknown; not N,Snapshot/old count read before transaction,Unknown addition,Operation key; no unified position version,Serializable starts after snapshot read
Room fill report / email,EndOfDayFill* services / Dashboard read model,Reporting of room state; does not add inventory,Presentation only,No consuming eligibility,No independent physical lineage ledger,No consuming normalization,Send reservations reserve email delivery only,None,Reporting/send coordination,No inventory consumption transaction
Dropped bins,RoomInventoryLossService read:124 / write:559,L exact identity,T selected segment,"Expected balance, quantity, seal, lineage",T bounded by L,T / N,Independent loss matching and expected quantity checks,T during loss,Loss/segment versions and operation keys,Serializable; can join correction transaction
Legacy room depletion / reversal,DashboardDataService.CreateRoomDepletionAsync:650 / reverse:757,Receipt-attributed ledger; Depletion/DepletionVoid,No treatment consumption call in inspected methods,Exact receipt provenance + ConfirmOverDepletion,No T; NewBinCount clamped while negative delta remains,No,Own receipt balance and overdepletion policy,None,Parent IDs/operation keys; no unified position version,Serializable
Treatment assignment (room / receipt),RoomTreatmentService.ApplyAsync:303 / ApplyReceiptAsync:476,L/as-of physical inventory; no quantity creation intended,T materialization/application splits,Room snapshot proof / separate exact receipt attribution,Sums current projections when splitting,N via Materialize plus separate receipt proof,Own treatment-boundary and receipt-gap rules,Materialize can N,Segment versions + application operation key,Room apply uses default isolation; receipt apply Serializable
Treatment reversal,RoomTreatmentService.ReverseCoreAsync:649,Current room snapshots and affected segments,Remove application from active signature; historical links retained,Own reversal/current-segment rules,Iterates positive segments,T internal; not a canonical operation plan,Independent lifecycle validation,No shared N plan,Segment versions / application reverse state,Default isolation transaction
Receipt admin quantity/void/location/identity,ReceiptInventoryOverrideService:150 / 506,Ledger + receipt provenance and custody,T for positive true-up/identity/location; not negative quantity/void,"Separate receipt provenance, scope and negative acknowledgment",Several private sums of segments/balances,T and independent identity/gap proof families,Yes: receipt-scoped provenance and quantity policy,Positive true-up / reclassification only,"Receipt, state fingerprint, segment versions, operation key",Serializable
Identity correction / legacy identity reconciliation,InventoryIdentityCorrectionOperations; LegacyGrowerLotReconciliationService,L + active completed identity correction mapping,T ReclassifyIdentityAsync + its special proofs,Independent readiness/current target matching,Private segment sums,Separate T reclassification proof family,Yes; canonical identity redirects vs receipt scope,Audited reclassification / stale target retirement,"Correction key, segment versions, transaction checks",Correction-specific; must enlist in canonical coordinator
Baseline import / replacement,RoomInventoryImportService.ApplyAsync:64,"Opening InventoryImport baseline, supersedes earlier ledger rows",No projection epoch retirement,Preview validation / reject established reductions,No T,No,Own baseline replacement/effective-date semantics,None,No shared source version,No explicit transaction around preview/read/write; one final SaveChanges
Inventory summaries / room dashboard,"InventoryByVarietyService:25,92 / DashboardDataService:4352,5231","L, projected for presentation",T on detail; room history separately,Read-only display; not command authorization,"T for treatment display, L for totals",T read proof,Several UI identity/grouping adapters,Read-only only,No write token required,No mutation
Traceback / receipt provenance,RoomReceiptProvenanceResolver.Resolve:12 / ReceiptInventoryProvenanceResolver.ResolveAsync:51,Ledger/receipt/movement evidence,Receipt and movement provenance,Exact vs blended / historical / custody classifications,Does not create physical inventory,Independent receipt evidence resolver,"Yes; domain capability to retain, not copy",None,Read-only,No mutation
Admin reconciliation / readiness / conservation,RoomInventoryReconciliationService:32; InventoryIdentityCorrectionOperations:98; InventoryConservationReportService:90,L + separate receipt/parent checks,Only some readiness checks call T,Separate diagnostics; no common structured availability result,Readiness compares T sums; reconciliation primarily ledger,Mixed,Multiple admin summaries,Read-only,Read-only,No mutation
Background/API/one-time writers,Program CLI repair commands; historical correction services; API receipt route,Direct adjustments / parent modifications in specialized commands,Some directly update lineage or invoke T,"Guarded one-time paths, not general eligibility",Command-specific,Not uniformly canonical,Must inventory/quarantine explicitly at cutover,Command-specific audited repair,Per-command guards,Per-command; not a universal coordinator
