Room,Lot,FruitProfile,Authoritative,Explicit,Excess,RootCause,Evidence,Confidence,CurrentPolicy
WP-5,1084,2,10,130,120,Status-key duplicate + receipt correction,120 stale in #65; #597 carries current 10. Receipt override also prevents broad replay proof.,Alias structure and ledger arithmetic established; full normalization proof absent,Current #255 proof rejects; no repair
EVANS-10,3050,2,0,48,48,Historical depleted/shared untreated projection,Existing #255 occupancy/arrival proof succeeds; original cause of projection survival not uniquely established by proof.,Current treatment proof passed; exact producer defect not asserted,Zero physical stock; read proof only; no normalization executed
LAMB-14,9040,2,0,228,228,Unretired depleted projection; missing historical movement evidence,228 in #123 remains after complete ledger depletion; five BinsRun deductions total 272. No movements attached to this segment. Exact producer attribution remains unresolved.,Evidence-backed mechanism; unresolved exact attribution,Current #255 proof rejects; no repair
LAMB-14,9100,2,0,6,6,Historical depleted/shared untreated projection,Existing #255 occupancy/arrival proof succeeds; original cause of projection survival not uniquely established by proof.,Current treatment proof passed; exact producer defect not asserted,Zero physical stock; read proof only; no normalization executed
LAMB-15,9380,2,0,40,40,Unretired depleted projection; missing consumption evidence,40 in #177 remains after three 20-bin BinsRun deductions exhausted the later 60-bin occupancy. No segment movements; exact creation/consumption link unresolved.,Evidence-backed mechanism; unresolved exact attribution,Current #255 proof rejects; no repair
MCD-08,1600,21,0,252,252,Historical depleted/shared untreated projection,Existing #255 occupancy/arrival proof succeeds; original cause of projection survival not uniquely established by proof.,Current treatment proof passed; exact producer defect not asserted,Zero physical stock; read proof only; no normalization executed
LAMB-14,9380,2,0,3,3,Receipt reduction not reflected in projection; unresolved replay,3 in #351 versus zero ledger; final -2 receipt correction and -1 run explain residual shape. Must prove exact receipt attribution before normalization.,Evidence-backed mechanism; unresolved exact attribution,Current #255 proof rejects; no repair
DH-15,2350,18,202,598,396,Status-key duplicate + receipt reclassification,396 stale in #407; #557 carries 202. Ledger includes correction #3000; replay of corrected receipt history required.,Alias structure and ledger arithmetic established; full normalization proof absent,Current #255 proof rejects; no repair
EVANS-05,3152,2,61,162,101,Status-key duplicate; incomplete immutable identity,101 in #414 duplicates prior inbound; canonical #426=61 after 40 out. Historical TransferIn provenance requires canonical identity proof.,Alias structure and ledger arithmetic established; full normalization proof absent,Current #255 proof rejects; no repair
EVANS-05,9682,2,252,536,284,Status-key duplicate; incomplete immutable identity,284 in #419 duplicates inbound; #428=252 after 32 out. This is not the resolved LAMB-14 lot 9682 position.,Alias structure and ledger arithmetic established; full normalization proof absent,Current #255 proof rejects; no repair
EVANS-11,9092,2,0,10,10,Historical depleted/shared untreated projection,Existing #255 occupancy/arrival proof succeeds; original cause of projection survival not uniquely established by proof.,Current treatment proof passed; exact producer defect not asserted,Zero physical stock; read proof only; no normalization executed
EVANS-05,9401,10,0,8,8,Unretired depleted transfer projection; incomplete identity evidence,+8 TransferIn #2525 then -8 TransferOut #2526; segment #432 retains 8. Current strict replay does not prove immutable identity.,Evidence-backed mechanism; unresolved exact attribution,Current #255 proof rejects; no repair
EVANS-6,9691,10,0,1,1,Historical depleted/shared untreated projection,Existing #255 occupancy/arrival proof succeeds; original cause of projection survival not uniquely established by proof.,Current treatment proof passed; exact producer defect not asserted,Zero physical stock; read proof only; no normalization executed
EVANS-10,9541,10,0,4,4,Receipt true-up projection survived depletion/reclassification,Receipt-specific #532=4 from ManualTrueUp; room ledger is zero after receipt corrections and dispatch. Exact corrected receipt attribution unresolved.,Evidence-backed mechanism; unresolved exact attribution,Current #255 proof rejects; no repair
EVANS-10,3290,10,0,35,35,Receipt true-up projection survived transfer,Receipt-specific #533=35 from ManualTrueUp; later -205 and -35 transfers exhaust 240. Current proof excludes receipt-scoped projections; do not infer an automatic repair.,Evidence-backed mechanism; unresolved exact attribution,Current #255 proof rejects; no repair
EVANS-10,9414,10,0,6,6,Historical depleted/shared untreated projection,Existing #255 occupancy/arrival proof succeeds; original cause of projection survival not uniquely established by proof.,Current treatment proof passed; exact producer defect not asserted,Zero physical stock; read proof only; no normalization executed
WP-8,2350,18,170,362,192,Status-key duplicate + corrected receipt history,192 stale in #552; #553=170; mixed transfer/receipt and reversal/correction evidence exceeds #255 proof scope.,Alias structure and ledger arithmetic established; full normalization proof absent,Current #255 proof rejects; no repair
EVANS-10,9820,10,0,3,3,Corrected receipt history + unretired depleted projection,Segment #564=3 survives final -3 transfer #3187; earlier -1 correction changes receipt replay. Exact historical reconstruction remains required.,Evidence-backed mechanism; unresolved exact attribution,Current #255 proof rejects; no repair
WP-7,1372,17,1122,1568,446,"Status-key materialization duplicate, receipt-linked inbound",Initial 446 duplicated by #630 at ActualRun 111 creation; 122 consumed from that duplicate; later 798 arrival is balanced. Exact accounting below.,Alias structure and ledger arithmetic established; full normalization proof absent,Current #255 proof rejects; no repair
MCD-08,1270,21,-40,,,Historical receipt correction after stock left source,Profile 21: +40 reclassification #1633 -40 transfer #1750 -40 later correction #1907 = -40. Replacement +40 under profile 26 was subsequently transferred too. Source-based receipt reclassification after depletion.,Ledger sequence proven; corrective allocation not authorized,Blocked negative position; no repair
MCD-08,1538,29,-18,,,Historical receipt correction after stock left source,Profile 29: +41 receipt #1669 -41 transfer #1756 -18 correction #1910 = -18. Receipt reduction after original stock was already transferred.,Ledger sequence proven; corrective allocation not authorized,Blocked negative position; no repair
MCD-08,2822,18,-5,,,Historical receipt correction after stock left source,Profile 18: +5 receipt #1885 -5 transfer #2128 -5 correction #2295 = -5. Replacement +5 profile 29 then transferred. Source reclassification after depletion.,Ledger sequence proven; corrective allocation not authorized,Blocked negative position; no repair
MCD-09,1537,18,-20,,,Historical receipt correction after stock left source,Profile 18: +20 receipt #2035 -20 transfer #2064 -20 correction #2082 = -20. Replacement +20 profile 29 then transferred. Source reclassification after depletion.,Ledger sequence proven; corrective allocation not authorized,Blocked negative position; no repair
MCD-09,1539,18,-44,,,Historical receipt correction after stock left source,Profile 18: +44 receipt #2034 -44 transfer #2068 -44 correction #2080 = -44. Replacement +44 profile 29 then transferred. Source reclassification after depletion.,Ledger sequence proven; corrective allocation not authorized,Blocked negative position; no repair
