Room,Lot,FruitProfile,Authoritative,LegacyMovementGateAvailable,LegacyDumpGateAvailable,CanonicalAvailable,LegacyTreatment,CanonicalTreatment,LegacyReceiptProvenance,CanonicalReceiptProvenance,RawProjectionQuantity,ExcludedHistoricalQuantity,NormalizationCandidate,Blockers,DifferenceExplanation
WP-5,1084,2,10,0,0,0,needs-review,Unknown: No positive slice,132:ExactMoved (exact=True); 169:ExactMoved (exact=True); 189:ExactCurrent (exact=True); 201:ExactCurrent (exact=True); 206:ExactCurrent (exact=True); 318:ExactCurrent (exact=True); 378:ExactCurrent (exact=True); 444:ExactCurrent (exact=True); 633:ExactCurrent (exact=True); 709:ExactMoved (exact=True); 767:ExactCurrent (exact=True); 1069:ExactMoved (exact=True); 1339:FullyConsumed (exact=True),Unknown,130,120,False,UnsupportedHistoricalEvidence,Both offer zero eligible bins despite a positive physical balance. Legacy returns a needs-review placeholder; canonical returns Unknown treatment with no proven current slice and UnsupportedHistoricalEvidence. No treatment or depletion is inferred. 120 stale in #65; #597 carries current 10. Receipt override also prevents broad replay proof.
EVANS-10,3050,2,0,0,0,0,No selection,Proven: No positive slice,600:ExactMoved (exact=True); 661:ExactMoved (exact=True),Unknown,48,48,True,None,"Both offer zero eligible bins; canonical preserves the evidence-backed historical pool as a candidate, without normalization."
LAMB-14,9040,2,0,0,0,0,No selection,Unknown: No positive slice,726:ExactMoved (exact=True); 785:ExactCurrent (exact=True); 789:ExactCurrent (exact=True); 790:ExactMoved (exact=True); 792:ExactCurrent (exact=True),Unknown,228,228,False,UnsupportedHistoricalEvidence,Both block or offer zero. 228 in #123 remains after complete ledger depletion; five BinsRun deductions total 272. No movements attached to this segment. Exact producer attribution remains unresolved.
LAMB-14,9100,2,0,0,0,0,No selection,Proven: No positive slice,316:ExactMoved (exact=True); 814:ExactCurrent (exact=True); 820:ExactCurrent (exact=True); 827:ExactCurrent (exact=True); 886:ExactMoved (exact=True),Ambiguous,6,6,True,None,"Both offer zero eligible bins; canonical preserves the evidence-backed historical pool as a candidate, without normalization."
LAMB-15,9380,2,0,0,0,0,No selection,Unknown: No positive slice,333:ExactMoved (exact=True); 334:ExactCurrent (exact=True); 405:ExactCurrent (exact=True); 406:ExactCurrent (exact=True); 408:ExactCurrent (exact=True); 414:ExactCurrent (exact=True); 936:ExactCurrent (exact=True); 937:ExactCurrent (exact=True); 942:ExactMoved (exact=True),Unknown,40,40,False,UnsupportedHistoricalEvidence,Both block or offer zero. 40 in #177 remains after three 20-bin BinsRun deductions exhausted the later 60-bin occupancy. No segment movements; exact creation/consumption link unresolved.
MCD-08,1600,21,0,0,0,0,No selection,Proven: No positive slice,1212:ExactCurrent (exact=True); 1216:ExactCurrent (exact=True); 1217:ExactCurrent (exact=True); 1231:ExactCurrent (exact=True); 1248:ExactCurrent (exact=True); 1253:ExactCurrent (exact=True); 1278:ExactCurrent (exact=True); 1281:ExactCurrent (exact=True); 1352:ExactCurrent (exact=True); 1371:ExactCurrent (exact=True); 1377:ExactCurrent (exact=True); 1378:ExactCurrent (exact=True); 1380:ExactCurrent (exact=True); 1387:ExactCurrent (exact=True); 1515:ExactCurrent (exact=True); 1529:ExactCurrent (exact=True); 1531:ExactCurrent (exact=True); 1540:ExactCurrent (exact=True); 1541:ExactCurrent (exact=True); 1542:ExactCurrent (exact=True); 1551:ExactCurrent (exact=True),Ambiguous,252,252,True,None,"Both offer zero eligible bins; canonical preserves the evidence-backed historical pool as a candidate, without normalization."
LAMB-14,9380,2,0,0,0,0,No selection,Unknown: No positive slice,410:ExactMoved (exact=True); 1162:ExactCurrent (exact=True); 1164:ExactCurrent (exact=True); 1169:ExactCurrent (exact=True); 1171:ExactCurrent (exact=True); 1177:ExactMoved (exact=True),Unknown,3,3,False,UnsupportedHistoricalEvidence,Both block or offer zero. 3 in #351 versus zero ledger; final -2 receipt correction and -1 run explain residual shape. Must prove exact receipt attribution before normalization.
DH-15,2350,18,202,0,0,0,needs-review,Unknown: No positive slice,1338:ExactCurrent (exact=True); 1358:ExactCurrent (exact=True); 1373:FullyConsumed (exact=True); 1389:ExactCurrent (exact=True); 1403:ExactCurrent (exact=True); 1539:ExactCurrent (exact=True); 1555:ExactCurrent (exact=True); 1568:ExactCurrent (exact=True); 1569:ExactCurrent (exact=True),Unknown,598,396,False,UnsupportedHistoricalEvidence,Both offer zero eligible bins despite a positive physical balance. Legacy returns a needs-review placeholder; canonical returns Unknown treatment with no proven current slice and UnsupportedHistoricalEvidence. No treatment or depletion is inferred. 396 stale in #407; #557 carries 202. Ledger includes correction #3000; replay of corrected receipt history required.
Evans-5,3152,2,61,0,0,61,needs-review,Proven: u=61,No linked Receipt in captured proof scope,Unknown,162,101,True,None,Canonical pool proof accepts exact normalized movement identity and receipt-linked evidence; legacy shared-only replay rejects this shape. Historical alias excess is not physical stock.
Evans-5,9682,2,252,0,0,252,needs-review,Proven: u=252,No linked Receipt in captured proof scope,Unknown,536,284,True,None,Canonical pool proof accepts exact normalized movement identity and receipt-linked evidence; legacy shared-only replay rejects this shape. Historical alias excess is not physical stock.
EVANS-11,9092,2,0,0,0,0,No selection,Proven: No positive slice,1354:ExactCurrent (exact=True),Proven,10,10,True,None,"Both offer zero eligible bins; canonical preserves the evidence-backed historical pool as a candidate, without normalization."
Evans-5,9401,10,0,0,0,0,No selection,Proven: No positive slice,No linked Receipt in captured proof scope,Unknown,8,8,True,None,"Both offer zero eligible bins; canonical preserves the evidence-backed historical pool as a candidate, without normalization."
EVANS-6,9691,10,0,0,0,0,No selection,Proven: No positive slice,No linked Receipt in captured proof scope,Unknown,1,1,True,None,"Both offer zero eligible bins; canonical preserves the evidence-backed historical pool as a candidate, without normalization."
EVANS-10,9541,10,0,0,0,0,No selection,Unknown: No positive slice,1512:ExactCurrent (exact=True); 1525:ExactCurrent (exact=True); 1545:ExactCurrent (exact=True); 1558:ExactCurrent (exact=True); 1581:ExactCurrent (exact=True),Unknown,4,4,False,UnsupportedHistoricalEvidence,Both block or offer zero. Receipt-specific #532=4 from ManualTrueUp; room ledger is zero after receipt corrections and dispatch. Exact corrected receipt attribution unresolved.
EVANS-10,3290,10,0,0,0,0,No selection,Unknown: No positive slice,1500:ExactCurrent (exact=True); 1507:ExactCurrent (exact=True); 1519:ExactCurrent (exact=True); 1543:ExactCurrent (exact=True); 1546:ExactCurrent (exact=True); 1548:ExactCurrent (exact=True); 1553:ExactCurrent (exact=True),Unknown,35,35,False,UnsupportedHistoricalEvidence,Both block or offer zero. Receipt-specific #533=35 from ManualTrueUp; later -205 and -35 transfers exhaust 240. Current proof excludes receipt-scoped projections; do not infer an automatic repair.
EVANS-10,9414,10,0,0,0,0,No selection,Proven: No positive slice,1497:ExactCurrent (exact=True); 1505:ExactCurrent (exact=True); 1509:ExactCurrent (exact=True),Ambiguous,6,6,True,None,"Both offer zero eligible bins; canonical preserves the evidence-backed historical pool as a candidate, without normalization."
WP-8,2350,18,170,0,0,0,needs-review,Unknown: No positive slice,1532:ExactCurrent (exact=True); 1572:ExactCurrent (exact=True); 1587:ExactCurrent (exact=True); 1594:ExactCurrent (exact=True); 1626:ExactCurrent (exact=True); 1754:FullyConsumed (exact=True),Unknown,362,192,False,UnsupportedHistoricalEvidence,Both offer zero eligible bins despite a positive physical balance. Legacy returns a needs-review placeholder; canonical returns Unknown treatment with no proven current slice and UnsupportedHistoricalEvidence. No treatment or depletion is inferred. 192 stale in #552; #553=170; mixed transfer/receipt and reversal/correction evidence exceeds #255 proof scope.
EVANS-10,9820,10,0,0,0,0,No selection,Unknown: No positive slice,1506:ExactCurrent (exact=True); 1511:ExactCurrent (exact=True); 1517:ExactCurrent (exact=True); 1526:ExactCurrent (exact=True); 1544:ExactCurrent (exact=True); 1547:ExactCurrent (exact=True); 1557:ExactCurrent (exact=True),Unknown,3,3,False,UnsupportedHistoricalEvidence,Both block or offer zero. Segment #564=3 survives final -3 transfer #3187; earlier -1 correction changes receipt replay. Exact historical reconstruction remains required.
WP-7,1372,17,1122,0,0,1122,needs-review,Proven: u=1122,626:ExactMoved (exact=True); 660:ExactMoved (exact=True); 720:ExactMoved (exact=True); 774:ExactMoved (exact=True),Ambiguous,1568,446,True,None,Recorded-order replay includes the backdated run; all inter-crew arrivals have exact untreated movement evidence; receipt attribution remains ambiguous.
MCD-08,1270,21,-40,0,0,0,No selection,Unknown: No positive slice,971:ExactCurrent (exact=True),Unknown,0,0,False,"NegativeAuthoritativeBalance, UnsupportedHistoricalEvidence",Both block or offer zero. Profile 21: +40 reclassification #1633 -40 transfer #1750 -40 later correction #1907 = -40. Replacement +40 under profile 26 was subsequently transferred too. Source-based receipt reclassification after depletion.
MCD-08,1538,29,-18,0,0,0,No selection,Unknown: No positive slice,1001:ExactCurrent (exact=True),Unknown,0,0,False,"NegativeAuthoritativeBalance, UnsupportedHistoricalEvidence",Both block or offer zero. Profile 29: +41 receipt #1669 -41 transfer #1756 -18 correction #1910 = -18. Receipt reduction after original stock was already transferred.
MCD-08,2822,18,-5,0,0,0,No selection,Unknown: No positive slice,1075:ExactCurrent (exact=True),Unknown,0,0,False,"NegativeAuthoritativeBalance, UnsupportedHistoricalEvidence",Both block or offer zero. Profile 18: +5 receipt #1885 -5 transfer #2128 -5 correction #2295 = -5. Replacement +5 profile 29 then transferred. Source reclassification after depletion.
MCD-09,1537,18,-20,0,0,0,No selection,Unknown: No positive slice,1214:ExactCurrent (exact=True),Unknown,0,0,False,"NegativeAuthoritativeBalance, UnsupportedHistoricalEvidence",Both block or offer zero. Profile 18: +20 receipt #2035 -20 transfer #2064 -20 correction #2082 = -20. Replacement +20 profile 29 then transferred. Source reclassification after depletion.
MCD-09,1539,18,-44,0,0,0,No selection,Unknown: No positive slice,1213:ExactCurrent (exact=True),Unknown,0,0,False,"NegativeAuthoritativeBalance, UnsupportedHistoricalEvidence",Both block or offer zero. Profile 18: +44 receipt #2034 -44 transfer #2068 -44 correction #2080 = -44. Replacement +44 profile 29 then transferred. Source reclassification after depletion.
