File,Line,Method,Environment,CoverageLimit
tests/CropQc.Api.Tests/ActualRunDetailHttpIntegrationTests.cs,32,AuthenticatedPostgreSql_Run73ZeroBalanceEditorIsReadOnlyAndRestoresExactTreatment_WhenConfigured,CROPQC_ACTUAL_RUN_ZERO_BALANCE_GET_CONNECTION,Optional provider/restored fixture unset; early return is not database coverage
tests/CropQc.Api.Tests/ActualRunDetailHttpIntegrationTests.cs,93,PostgreSql_Run73ZeroBalanceCorrectionReversesAndReappliesExactTreatment_WhenConfigured,CROPQC_ACTUAL_RUN_ZERO_BALANCE_POST_CONNECTION,Optional provider/restored fixture unset; early return is not database coverage
tests/CropQc.Api.Tests/ActualRunDetailHttpIntegrationTests.cs,176,AuthenticatedPostgreSql_MultiLotRunKeepsThreeSourcesAndTwoPackoutReports_WhenConfigured,CROPQC_MULTILOT_POSTGRES_CONNECTION,Optional provider/restored fixture unset; early return is not database coverage
tests/CropQc.Api.Tests/ActualRunReportingIdentityCorrectionTests.cs,188,PostgreSql18Run103Restore_AfterCorrection_ReconcilesBothOrbaRuns_WhenConfigured,CROPQC_ACTUAL_RUN3_RESTORED_POSTGRES,Optional provider/restored fixture unset; early return is not database coverage
tests/CropQc.Api.Tests/ActualRunReportingIdentityCorrectionTests.cs,242,PostgreSql18Run103Restore_BeforeCorrection_SurfacesRun3Diagnostic_WhenConfigured,CROPQC_ACTUAL_RUN3_BEFORE_RESTORED_POSTGRES,Optional provider/restored fixture unset; early return is not database coverage
tests/CropQc.Api.Tests/Bartlett1372TransferRegressionTests.cs,21,Exact_restored_Bartlett_1372_room16_to_room14_transfers_one_exact_segment_and_reverses,BARTLETT_1372_CURRENT_RESTORE_CONNECTION_STRING,Optional provider/restored fixture unset; early return is not database coverage
tests/CropQc.Api.Tests/Bartlett1372TransferRegressionTests.cs,23,Exact_restored_Bartlett_1372_room16_to_room14_transfers_one_exact_segment_and_reverses,BARTLETT_1372_RESTORE_CONNECTION_STRING,Optional provider/restored fixture unset; early return is not database coverage
tests/CropQc.Api.Tests/BinsRunWorkflowTests.cs,2543,PostgreSql_BinsRunActualRunTransferReversalAndReadinessWorkflow_WhenConfigured,CROPQC_TEST_POSTGRES,Optional provider/restored fixture unset; early return is not database coverage
tests/CropQc.Api.Tests/BinsRunWorkflowTests.cs,2682,PostgreSql_ActualRunDetailCorrectionIsNeutralAndCanonicalReportingTranslates_WhenConfigured,CROPQC_ACTUAL_RUN_DETAIL_POSTGRES,Optional provider/restored fixture unset; early return is not database coverage
tests/CropQc.Api.Tests/BulkRoomTransferTests.cs,281,PostgreSql_concurrent_requests_cannot_both_consume_eighty_of_one_hundred_bins,ROOM_TRANSFER_TEST_POSTGRES,Optional provider/restored fixture unset; early return is not database coverage
tests/CropQc.Api.Tests/BulkRoomTransferTests.cs,351,PostgreSql_failure_in_second_segment_rolls_back_split_dispatch,ROOM_TRANSFER_TEST_POSTGRES,Optional provider/restored fixture unset; early return is not database coverage
tests/CropQc.Api.Tests/BulkRoomTransferTests.cs,395,PostgreSql_failure_in_second_position_rolls_back_the_entire_bulk_transfer,ROOM_TRANSFER_TEST_POSTGRES,Optional provider/restored fixture unset; early return is not database coverage
tests/CropQc.Api.Tests/BulkRoomTransferTests.cs,419,PostgreSql_reviewed_repair_checks_evidence_preserves_history_and_is_idempotent,ROOM_TRANSFER_TEST_POSTGRES,Optional provider/restored fixture unset; early return is not database coverage
tests/CropQc.Api.Tests/CanonicalQcTransferTests.cs,218,PostgreSql_CanonicalQcQueriesFollowTransfer_WhenConfigured,CROPQC_TEST_CANONICAL_QC_POSTGRES,Optional provider/restored fixture unset; early return is not database coverage
tests/CropQc.Api.Tests/CanonicalQcTransferTests.cs,339,RestoredProduction_TransferOneSourceQcResolvesAtDestination_WhenConfigured,CROPQC_RESTORED_CANONICAL_QC_POSTGRES,Optional provider/restored fixture unset; early return is not database coverage
tests/CropQc.Api.Tests/EndOfDayFillProductionRestoreBenchmarkTests.cs,29,CompleteFakeSendAndStaleRecovery_RecordBoundedProductionRestoreProfile_WhenConfigured,CROPQC_EOD_BENCHMARK_DATABASE_URL,Optional provider/restored fixture unset; early return is not database coverage
tests/CropQc.Api.Tests/EndOfDayFillProductionRestoreBenchmarkTests.cs,30,CompleteFakeSendAndStaleRecovery_RecordBoundedProductionRestoreProfile_WhenConfigured,CROPQC_EOD_BENCHMARK_OUTPUT,Optional provider/restored fixture unset; early return is not database coverage
tests/CropQc.Api.Tests/EndOfDayFillWarehousePostgreSqlHttpTests.cs,26,AuthenticatedFourWarehousePreviews_AreIndependentAndReconcileWithoutWrites_WhenConfigured,CROPQC_EOD_WAREHOUSE_POSTGRES,Optional provider/restored fixture unset; early return is not database coverage
tests/CropQc.Api.Tests/Evanca12RoomCountTests.cs,654,PostgreSql_CurrentStorageCanonicalAliasFiltering_UsesAuthoritativeLedger_WhenConfigured,CROPQC_TEST_CURRENT_STORAGE_POSTGRES,Optional provider/restored fixture unset; early return is not database coverage
tests/CropQc.Api.Tests/GrowerLotProgressTests.cs,434,PostgreSql_AggregatesPageAndDrilldowns_ServerSide,CROPQC_TEST_GROWER_PROGRESS_POSTGRES,Optional provider/restored fixture unset; early return is not database coverage
tests/CropQc.Api.Tests/InventoryIdentityServiceTests.cs,159,PostgreSql_simultaneous_corrections_allow_exactly_one_active_source_mapping_when_configured,CROPQC_TEST_INVENTORY_IDENTITY_POSTGRES,Optional provider/restored fixture unset; early return is not database coverage
tests/CropQc.Api.Tests/July28ActualRunPackoutRestoreRehearsalTests.cs,29,Authenticated_real_pdf_upload_reaches_review_on_explicit_run62_restore,CROPQC_RUN62_JULY28_REHEARSAL_CONNECTION,Optional provider/restored fixture unset; early return is not database coverage
tests/CropQc.Api.Tests/July28ActualRunPackoutRestoreRehearsalTests.cs,30,Authenticated_real_pdf_upload_reaches_review_on_explicit_run62_restore,CROPQC_REAL_GROWER_SUMMARY_PDF,Optional provider/restored fixture unset; early return is not database coverage
tests/CropQc.Api.Tests/July28ActualRunPackoutRestoreRehearsalTests.cs,31,Authenticated_real_pdf_upload_reaches_review_on_explicit_run62_restore,CROPQC_RUN62_JULY28_REHEARSAL_APPLY,Optional provider/restored fixture unset; early return is not database coverage
tests/CropQc.Api.Tests/OrchardContactImportTests.cs,46,SuppliedWorkbookMatchesReviewedSummaryCountsWhenProvided,CROPQC_CONTACT_WORKBOOK,Optional provider/restored fixture unset; early return is not database coverage
tests/CropQc.Api.Tests/PackoutReconciliationTests.cs,124,GrowerSummary_ExactSuppliedPdfUsesDirectTextWhenOptedIn,CROPQC_REAL_GROWER_SUMMARY_PDF,Optional provider/restored fixture unset; early return is not database coverage
tests/CropQc.Api.Tests/PhotoOrientationProcessorTests.cs,19,PostgreSql_fresh_model_contains_exact_orientation_schema_WhenConfigured,CROPQC_PHOTO_SCHEMA_POSTGRES,Optional provider/restored fixture unset; early return is not database coverage
tests/CropQc.Api.Tests/ProcessorShipmentTests.cs,555,Restored_production_postgresql_processor_workflow_when_requested,PROCESSOR_SHIPMENT_RESTORE_CONNECTION_STRING,Optional provider/restored fixture unset; early return is not database coverage
tests/CropQc.Api.Tests/ProductionRestoreMemoryBenchmarkTests.cs,32,ProductionRestore_WpRunTotalsRenderConfiguredZeroSalesDesksReadOnly_WhenConfigured,CROPQC_SALES_DESK_RESTORE_POSTGRES,Optional provider/restored fixture unset; early return is not database coverage
tests/CropQc.Api.Tests/ProductionRestoreMemoryBenchmarkTests.cs,82,ProductionRestore_IncidentBdb7aeaf_RoomInventoryRoutesRemainReadOnlyAndRenderWithoutWarnings_WhenConfigured,CROPQC_PERF_DATABASE_URL,Optional provider/restored fixture unset; early return is not database coverage
tests/CropQc.Api.Tests/ProductionRestoreMemoryBenchmarkTests.cs,125,ProductionRestore_InventoryIdentityAuthenticatedRouteMatrix_IsReadOnly_WhenConfigured,CROPQC_INVENTORY_IDENTITY_RESTORE_POSTGRES,Optional provider/restored fixture unset; early return is not database coverage
tests/CropQc.Api.Tests/ProductionRestoreMemoryBenchmarkTests.cs,180,ProductionRestore_Tr508901Repair_EnforcesExactStatesA_B_and_C_WhenConfigured,CROPQC_INVENTORY_IDENTITY_REPAIR_POSTGRES,Optional provider/restored fixture unset; early return is not database coverage
tests/CropQc.Api.Tests/ProductionRestoreMemoryBenchmarkTests.cs,242,ProductionRestore_Tr508901CanonicalIdentity_SurvivesTransferAndReversal_WhenConfigured,CROPQC_INVENTORY_IDENTITY_TRANSFER_POSTGRES,Optional provider/restored fixture unset; early return is not database coverage
tests/CropQc.Api.Tests/ProductionRestoreMemoryBenchmarkTests.cs,334,ProductionRestore_ReadOnlyRouteMatrix_RecordsBoundedMemoryProfile_WhenConfigured,CROPQC_PERF_DATABASE_URL,Optional provider/restored fixture unset; early return is not database coverage
tests/CropQc.Api.Tests/ProductionRestoreMemoryBenchmarkTests.cs,335,ProductionRestore_ReadOnlyRouteMatrix_RecordsBoundedMemoryProfile_WhenConfigured,CROPQC_PERF_OUTPUT,Optional provider/restored fixture unset; early return is not database coverage
tests/CropQc.Api.Tests/ProductionRestoreMemoryBenchmarkTests.cs,336,ProductionRestore_ReadOnlyRouteMatrix_RecordsBoundedMemoryProfile_WhenConfigured,CROPQC_PERF_PROFILE,Optional provider/restored fixture unset; early return is not database coverage
tests/CropQc.Api.Tests/ProvenLineageReconciliationTests.cs,166,Restored_examples_processor_sale_audit_rollback_and_history_when_configured,LINEAGE_RECONCILIATION_RESTORE_POSTGRES,Optional provider/restored fixture unset; early return is not database coverage
tests/CropQc.Api.Tests/ReceiptInventoryOverrideTests.cs,2087,PostgreSql_TR508197_restore_reclassifies_only_receipt_142_and_preserves_history_WhenConfigured,CROPQC_TEST_SYSTEMIC_RESTORE_POSTGRES,Optional provider/restored fixture unset; early return is not database coverage
tests/CropQc.Api.Tests/ReceiptPhotoStagingHttpTests.cs,662,AuthenticatedPostgreSql_NewReceiptStagesExactPhotosAndRemovalIsAudited_WhenConfigured,CROPQC_RECEIPT_PHOTO_POSTGRES,Optional provider/restored fixture unset; early return is not database coverage
tests/CropQc.Api.Tests/ReceiptPhotoStagingHttpTests.cs,740,AuthenticatedPostgreSql_ReceiptPhotoReclassificationPreservesStorageAndIsAudited_WhenConfigured,CROPQC_RECEIPT_PHOTO_POSTGRES,Optional provider/restored fixture unset; early return is not database coverage
tests/CropQc.Api.Tests/ReceiptPhotoStagingHttpTests.cs,821,AuthenticatedPostgreSql_Run75Photo2339UsesProtectedContentWithoutWrites_WhenConfigured,CROPQC_RECEIPT_PHOTO_RESTORED_POSTGRES,Optional provider/restored fixture unset; early return is not database coverage
tests/CropQc.Api.Tests/ReceiptPhotoStagingHttpTests.cs,930,AuthenticatedPostgreSql_ConcurrentSameRevisionRotation_CommitsOnceAndReturnsCurrentRevision_WhenConfigured,CROPQC_PHOTO_ORIENTATION_CONCURRENCY_POSTGRES,Optional provider/restored fixture unset; early return is not database coverage
tests/CropQc.Api.Tests/ReceiptPositiveTrueUpPostgreSqlTests.cs,24,Tr508605_production_shape_positive_true_up_when_configured,CROPQC_TEST_RECEIPT_TRUEUP_POSTGRES,Optional provider/restored fixture unset; early return is not database coverage
tests/CropQc.Api.Tests/ReceiptVarietyHttpIntegrationTests.cs,191,ReceiptResults_ExposeExactVarietyAndFacilityScopedWarehouseRoomOptions,CROPQC_TEST_RECEIVING_FILTERS_POSTGRES,Optional provider/restored fixture unset; early return is not database coverage
tests/CropQc.Api.Tests/ReceiptVarietyHttpIntegrationTests.cs,222,ReceiptResults_FilterExactOrganicIdentityAndCombineDatabasePredicates,CROPQC_TEST_RECEIVING_FILTERS_POSTGRES,Optional provider/restored fixture unset; early return is not database coverage
tests/CropQc.Api.Tests/ReceiptVarietyHttpIntegrationTests.cs,260,ReceiptResults_SupportWarehouseOnlyRoomOnlyAndClearIncompatibleRoom,CROPQC_TEST_RECEIVING_FILTERS_POSTGRES,Optional provider/restored fixture unset; early return is not database coverage
tests/CropQc.Api.Tests/ReceiptVarietyHttpIntegrationTests.cs,298,ReceiptTypeTabsAndClearLink_PreserveIntentionalContextFilters,CROPQC_TEST_RECEIVING_FILTERS_POSTGRES,Optional provider/restored fixture unset; early return is not database coverage
tests/CropQc.Api.Tests/ReceiptVarietyHttpIntegrationTests.cs,320,ReceiptFiltering_PerformsNoReceiptOrInventoryWrites,CROPQC_TEST_RECEIVING_FILTERS_POSTGRES,Optional provider/restored fixture unset; early return is not database coverage
tests/CropQc.Api.Tests/ReceivingQcConsolidationTests.cs,65,PostgreSql_ConcurrentOpen_UsesSerializableReceiptLockAndCreatesExactlyOneSample,CROPQC_RECEIVING_QC_POSTGRES,Optional provider/restored fixture unset; early return is not database coverage
tests/CropQc.Api.Tests/ReviewedGrowerMasterPostgreSqlHttpTests.cs,29,Authenticated_EbsAndWpEndOfDayFillPreviews_ReconcileSummaryAndDetailWithoutWrites_WhenConfigured,CROPQC_REVIEWED_GROWER_V2_POSTGRES,Optional provider/restored fixture unset; early return is not database coverage
tests/CropQc.Api.Tests/ReviewedGrowerMasterPostgreSqlHttpTests.cs,105,Authenticated_post_v2_restore_routes_render_latest_names_and_preserve_transferred_qc_when_configured,CROPQC_REVIEWED_GROWER_V2_POSTGRES,Optional provider/restored fixture unset; early return is not database coverage
tests/CropQc.Api.Tests/RoomInventoryLossPostgreSqlHttpTests.cs,26,Authenticated_run64_routes_render_reviewed_loss_when_configured,CROPQC_RUN64_ROOM_LOSS_HTTP_POSTGRES,Optional provider/restored fixture unset; early return is not database coverage
tests/CropQc.Api.Tests/RoomInventoryLossTests.cs,318,PostgreSql_room_and_receipt_history_filter_entities_before_projection_when_configured,CROPQC_TEST_ROOM_INVENTORY_LOSS_POSTGRES,Optional provider/restored fixture unset; early return is not database coverage
tests/CropQc.Api.Tests/RoomSealingTests.cs,330,Restored_production_seal_rehearsal_preserves_inventory_and_treatments_when_configured,CROPQC_ROOM_SEALING_RESTORED_POSTGRES,Optional provider/restored fixture unset; early return is not database coverage
tests/CropQc.Api.Tests/RoomTransferRestoredPostgreSqlTests.cs,28,Fresh_restore_proves_guarded_repair_and_authenticated_bulk_transfer_when_configured,ROOM_TRANSFER_RESTORED_POSTGRES,Optional provider/restored fixture unset; early return is not database coverage
tests/CropQc.Api.Tests/RoomTreatmentRestoredPostgreSqlTests.cs,34,Restored_production_application_and_authenticated_routes_preserve_operational_quantities_when_configured,CROPQC_ROOM_TREATMENT_RESTORED_POSTGRES,Optional provider/restored fixture unset; early return is not database coverage
tests/CropQc.Api.Tests/RunReportingTests.cs,653,PostgreSql_RestoredWpAssignmentAndDisposableDeskTotalsReconcile_WhenConfigured,CROPQC_SALES_DESK_RESTORE_POSTGRES,Optional provider/restored fixture unset; early return is not database coverage
tests/CropQc.Api.Tests/TreatmentAwareTransferTests.cs,39,Restored_production_MCP_segment_can_transfer_when_requested,TREATMENT_AWARE_TRANSFER_RESTORE_CONNECTION_STRING,Optional provider/restored fixture unset; early return is not database coverage
tests/CropQc.Api.Tests/TreatmentLineage144RestoredPostgreSqlHttpTests.cs,29,TransferRoutes_ReproduceOrClearExactRestoredProductionBlocker_WhenConfigured,CROPQC_TREATMENT_LINEAGE_144_RESTORED_POSTGRES,Optional provider/restored fixture unset; early return is not database coverage
tests/CropQc.Api.Tests/TreatmentLineage144RestoredPostgreSqlHttpTests.cs,143,InterCrewSourceFilter_UsesExactRoomTransfer282ProductionShape_WhenConfigured,CROPQC_INTERCREW_FILTER_RESTORED_POSTGRES,Optional provider/restored fixture unset; early return is not database coverage
tests/CropQc.Api.Tests/TreatmentLineage144RestoredPostgreSqlHttpTests.cs,251,TransferCustody_FullSyntheticWorkflow_PassesOnCorrectedRestoredPostgreSql_WhenConfigured,CROPQC_TREATMENT_LINEAGE_144_WORKFLOW_POSTGRES,Optional provider/restored fixture unset; early return is not database coverage
