"Id","Operation","EntryPoints","CanonicalSource","QuantityAndCustody","Reconciliation","Treatment","Audit","Concurrency","Tests","Limitations"
"1","Room move / same-company warehouse move","DashboardDataService.CreateRoomTransferCoreAsync / bulk","src/CropQc.Web/Services/DashboardDataService.cs","Room debit equals destination credit; global quantity unchanged","Paired movement and parent reconcile","Carry exact selected application memberships","Immutable InventoryCommandRecord; CanonicalInventoryCommand; domain parent/reversal and normalization audits","Serializable executor; immutable operation-key replay; evidence fingerprint / parent versions; atomic ledger and movement","tests/CropQc.Api.Tests/CanonicalRoomMoveWorkflowTests.cs",""
"2","Room transfer reversal","DashboardDataService.ReverseRoomTransferAsync","src/CropQc.Web/Services/DashboardDataService.cs","Reverse only surviving destination quantity; restore original source","Original forward and unreversed remainder required","Restore original allocation history","Immutable InventoryCommandRecord; CanonicalInventoryCommand; domain parent/reversal and normalization audits","Serializable executor; immutable operation-key replay; evidence fingerprint / parent versions; atomic ledger and movement","tests/CropQc.Api.Tests/CanonicalRoomMoveWorkflowTests.cs",""
"3","Cross-company / inter-crew dispatch","InterCrewTransferService.DispatchAsync","src/CropQc.Web/Services/InterCrewTransferService.cs","Room debit becomes original transfer In Transit","Dispatch movements and source ledger equal loaded quantity","Exact original allocations retain applications","Immutable InventoryCommandRecord; CanonicalInventoryCommand; domain parent/reversal and normalization audits","Serializable executor; immutable operation-key replay; evidence fingerprint / parent versions; atomic ledger and movement","tests/CropQc.Api.Tests/CanonicalInterCrewWorkflowTests.cs",""
"4","Legacy/internal inter-crew receive","InterCrewTransferService.ReceiveAsync; RoomTreatmentService.ReceiveAsync","src/CropQc.Web/Services/InterCrewTransferService.cs","In Transit becomes destination room; no variance-created credit","Full legacy/internal quantity must match; variance note cannot settle","Carry original dispatch treatment","Immutable InventoryCommandRecord; CanonicalInventoryCommand; domain parent/reversal and normalization audits","Serializable executor; immutable operation-key replay; evidence fingerprint / parent versions; atomic ledger and movement","tests/CropQc.Api.Tests/CanonicalInterCrewWorkflowTests.cs",""
"5","Truck Receipt match / variety edit","TruckReceiptReconciliationService.MatchAsync / EditReceiptAsync","src/CropQc.Web/Services/TruckReceiptReconciliationService.cs","No physical quantity change; observed receipt and match metadata only","Versions; route; variety evidence; counts cannot erase acknowledgement","No treatment assignment","MatchTransferReceipt / receipt variety edits; before and after; actor","Nonphysical coordinator","tests/CropQc.Api.Tests/CanonicalTruckReceiptWorkflowTests.cs",""
"6","Truck Receipt completion","TruckReceiptReconciliationService.CompleteAsync","src/CropQc.Web/Services/TruckReceiptReconciliationService.cs","In Transit to destination room or through receipt-held custody","Exact full load or separately bounded ack/placement; unresolved stays open","Original dispatch memberships; no destination inheritance","Immutable InventoryCommandRecord; CanonicalInventoryCommand; domain parent/reversal and normalization audits","Serializable executor; immutable operation-key replay; evidence fingerprint / parent versions; atomic ledger and movement","tests/CropQc.Api.Tests/CanonicalTruckReceiptWorkflowTests.cs; tests/CropQc.Api.Tests/ReceiptCustodyWorkflowTests.cs",""
"7","Truck Receipt transfer edit / return","TruckReceiptReconciliationService.EditTransferAsync","src/CropQc.Web/Services/TruckReceiptReconciliationService.cs","Debit extra source or return exact outstanding dispatch allocation","Manifest edit blocked after partial acknowledgement","Original allocation history; no guessed allocation","Immutable InventoryCommandRecord; CanonicalInventoryCommand; domain parent/reversal and normalization audits","Serializable executor; immutable operation-key replay; evidence fingerprint / parent versions; atomic ledger and movement","tests/CropQc.Api.Tests/CanonicalTruckReceiptWorkflowTests.cs","Partial acknowledgements require a new allocation-specific compensating workflow"
"8","Truck Receipt admin reopen","TruckReceiptReconciliationService.ReopenAsync","src/CropQc.Web/Services/TruckReceiptReconciliationService.cs","Room debit back to original In Transit only before new partial custody model","No downstream consumption; partial acknowledgement blocks old reopen","Preserve forward and compensating history","Immutable InventoryCommandRecord; CanonicalInventoryCommand; domain parent/reversal and normalization audits","Serializable executor; immutable operation-key replay; evidence fingerprint / parent versions; atomic ledger and movement","tests/CropQc.Api.Tests/CanonicalTruckReceiptWorkflowTests.cs","Partial acknowledgements require a new allocation-specific compensating workflow"
"9","Processor Sale","ProcessorShipmentService.CreateAsync / options","src/CropQc.Web/Services/ProcessorShipmentService.cs","Room debit becomes processor custody","Exact shipment line and remaining source","Selected treatment preserved","Immutable InventoryCommandRecord; CanonicalInventoryCommand; domain parent/reversal and normalization audits","Serializable executor; immutable operation-key replay; evidence fingerprint / parent versions; atomic ledger and movement","tests/CropQc.Api.Tests/CanonicalProcessorWorkflowTests.cs",""
"10","Processor Sale reversal","ProcessorShipmentService","src/CropQc.Web/Services/ProcessorShipmentService.cs","Processor custody back to source room","Exact unreversed shipment; no duplicate restoration","Original shipment membership","Immutable InventoryCommandRecord; CanonicalInventoryCommand; domain parent/reversal and normalization audits","Serializable executor; immutable operation-key replay; evidence fingerprint / parent versions; atomic ledger and movement","tests/CropQc.Api.Tests/CanonicalProcessorWorkflowTests.cs",""
"11","Tree Top / Outside Warehouse","OutsideWarehouseTransferService.CreateAsync / options","src/CropQc.Web/Services/OutsideWarehouseTransferService.cs","Room debit becomes outside-warehouse custody","Exact original parent and surviving quantity","Selected treatment preserved","Immutable InventoryCommandRecord; CanonicalInventoryCommand; domain parent/reversal and normalization audits","Serializable executor; immutable operation-key replay; evidence fingerprint / parent versions; atomic ledger and movement","tests/CropQc.Api.Tests/CanonicalOutsideWorkflowTests.cs",""
"12","Outside Warehouse reversal","OutsideWarehouseTransferService","src/CropQc.Web/Services/OutsideWarehouseTransferService.cs","Outside custody back to original room","One compensating reversal per original parent","Original allocation membership","Immutable InventoryCommandRecord; CanonicalInventoryCommand; domain parent/reversal and normalization audits","Serializable executor; immutable operation-key replay; evidence fingerprint / parent versions; atomic ledger and movement","tests/CropQc.Api.Tests/CanonicalOutsideWorkflowTests.cs",""
"13","Actual Run / dump / packline consumption","BinsRunService.SaveActualRunAsync body / options","src/CropQc.Web/Services/BinsRunService.cs","Room debit becomes actual consumed run revision","No overconsumption; revision restores only its own prior allocation","Exact source history on consumption and revision","Immutable InventoryCommandRecord; CanonicalInventoryCommand; domain parent/reversal and normalization audits","Serializable executor; immutable operation-key replay; evidence fingerprint / parent versions; atomic ledger and movement","tests/CropQc.Api.Tests/CanonicalActualRunWorkflowTests.cs",""
"14","Legacy Bins Run create/edit/reverse","BinsRunService write / reverse","src/CropQc.Web/Services/BinsRunService.cs","Room debit/compensation linked to original legacy run","Canonical adapter and no negative override","Exact surviving/reversed treatment movement","Immutable InventoryCommandRecord; CanonicalInventoryCommand; domain parent/reversal and normalization audits","Serializable executor; immutable operation-key replay; evidence fingerprint / parent versions; atomic ledger and movement","tests/CropQc.Api.Tests/CanonicalLegacyRunWorkflowTests.cs",""
"15","Packout result / finalization / reopen","PackoutReconciliationService.UploadAsync / allocation","src/CropQc.Web/Services/PackoutReconciliationService.cs","No second physical consumption; packout reporting only","Uses already-consumed run revision and reporting locks","Read stored run provenance","No inventory mutation; existing reporting/QC audit if metadata changes","Nonphysical coordinator","tests/CropQc.Api.Tests/PackoutReconciliationTests.cs",""
"16","Repack","Repository search: no dedicated repack command found","src/CropQc.Web/Services/BinsRunService.cs","Uses normal actual run; no dedicated packed-product reintroduction","Same authoritative run limits","Same run provenance","Immutable InventoryCommandRecord; CanonicalInventoryCommand; domain parent/reversal and normalization audits","Serializable executor; immutable operation-key replay; evidence fingerprint / parent versions; atomic ledger and movement","tests/CropQc.Api.Tests/CanonicalActualRunWorkflowTests.cs",""
"17","Ordinary receiving (web)","DashboardDataService.CreateReceiptAsync","src/CropQc.Web/Services/DashboardDataService.cs","Receiver observation creates origin plus room credit atomically","Unique receipt/operation; exact identity; normalization cannot add authority","New untreated arrival; receipt treatment is separate","Immutable InventoryCommandRecord; CanonicalInventoryCommand; domain parent/reversal and normalization audits","Serializable executor; immutable operation-key replay; evidence fingerprint / parent versions; atomic ledger and movement","tests/CropQc.Api.Tests/CanonicalReceivingWorkflowTests.cs",""
"18","Ordinary receiving edits (web)","DashboardDataService.UpdateReceiptAsync","src/CropQc.Web/Services/DashboardDataService.cs","Metadata only for ordinary edit; physical correction uses dedicated command","Receipt versions; count/identity/date guard","No implicit treatment mutation","Immutable InventoryCommandRecord; CanonicalInventoryCommand; domain parent/reversal and normalization audits","Serializable executor; immutable operation-key replay; evidence fingerprint / parent versions; atomic ledger and movement","tests/CropQc.Api.Tests/CanonicalReceiptMetadataTests.cs",""
"19","Receiving API create/edit","CropQc.Api.Services.ReceiptService.CreateAsync / UpdateSameDayAsync","src/CropQc.Api/Services/ReceiptService.cs","Canonical authenticated receipt plus room origin; legacy creation rejected","Operation key and receiver permission; same-day physical edits rejected","Untreated arrival; metadata edit cannot relabel bins","Immutable InventoryCommandRecord; CanonicalInventoryCommand; domain parent/reversal and normalization audits","Serializable executor; immutable operation-key replay; evidence fingerprint / parent versions; atomic ledger and movement","tests/CropQc.Api.Tests/CanonicalOperatorSessionTests.cs","Legacy API create disabled; use audited web/canonical API workflow"
"20","Room fill / manual positive true-up","DashboardDataService.CreateRoomInventoryTrueUpAsync","src/CropQc.Web/Services/DashboardDataService.cs","Explicit audited stock addition; never a projection-derived origin","Positive quantity and authority/identity checks; no balancing repair","Unknown treatment and unattributed origin retained","Immutable InventoryCommandRecord; CanonicalInventoryCommand; domain parent/reversal and normalization audits","Serializable executor; immutable operation-key replay; evidence fingerprint / parent versions; atomic ledger and movement","tests/CropQc.Api.Tests/CanonicalManualStockWorkflowTests.cs",""
"21","Room fill report / email","EndOfDayFill* services / Dashboard read model","src/CropQc.Web/Services/EndOfDayFillAdminService.cs","No physical quantity or custody writes","Reporting/email delivery coordination only","Read-only presentation","No inventory mutation; existing reporting/QC audit if metadata changes","Nonphysical coordinator","tests/CropQc.Api.Tests/EndOfDayFillAntiforgeryHttpTests.cs; tests/CropQc.Api.Tests/EndOfDayFillProductionRestoreBenchmarkTests.cs; tests/CropQc.Api.Tests/EndOfDayFillTests.cs; tests/CropQc.Api.Tests/EndOfDayFillWarehouseConfigurationTests.cs; tests/CropQc.Api.Tests/EndOfDayFillWarehousePostgreSqlHttpTests.cs",""
"22","Dropped bins","RoomInventoryLossService read / write","src/CropQc.Web/Services/RoomInventoryLossService.cs","Room quantity becomes recorded physical loss","Exact available allocation; immutable loss parent","Exact consumed membership retained","Immutable InventoryCommandRecord; CanonicalInventoryCommand; domain parent/reversal and normalization audits","Serializable executor; immutable operation-key replay; evidence fingerprint / parent versions; atomic ledger and movement","tests/CropQc.Api.Tests/CanonicalLossWorkflowTests.cs",""
"23","Legacy room depletion / reversal","DashboardDataService.CreateRoomDepletionAsync / reverse","src/CropQc.Web/Services/DashboardDataService.cs","Room debit or linked compensation; no excess-depletion override","Exact receipt provenance and canonical quantity limits","Canonical movement retains membership","Immutable InventoryCommandRecord; CanonicalInventoryCommand; domain parent/reversal and normalization audits","Serializable executor; immutable operation-key replay; evidence fingerprint / parent versions; atomic ledger and movement","tests/CropQc.Api.Tests/CanonicalDepletionWorkflowTests.cs",""
"24","Treatment assignment (room / receipt)","RoomTreatmentService.ApplyAsync / ApplyReceiptAsync","src/CropQc.Web/Services/RoomTreatmentService.cs","No physical quantity change; split existing allocations at application time","Authoritative as-of snapshot; post-treatment arrivals excluded","New application/source memberships for present bins only","Immutable InventoryCommandRecord; CanonicalInventoryCommand; domain parent/reversal and normalization audits","Serializable executor; immutable operation-key replay; evidence fingerprint / parent versions; atomic ledger and movement","tests/CropQc.Api.Tests/CanonicalTreatmentReversalWorkflowTests.cs",""
"25","Treatment reversal","RoomTreatmentService.ReverseCoreAsync","src/CropQc.Web/Services/RoomTreatmentService.cs","No physical quantity change","Retain original application and reversal evidence","Effective membership removed without history deletion","Immutable InventoryCommandRecord; CanonicalInventoryCommand; domain parent/reversal and normalization audits","Serializable executor; immutable operation-key replay; evidence fingerprint / parent versions; atomic ledger and movement","tests/CropQc.Api.Tests/CanonicalTreatmentReversalWorkflowTests.cs",""
"26","Receipt admin quantity/void/location/identity","ReceiptInventoryOverrideService / 506","src/CropQc.Web/Services/ReceiptInventoryOverrideService.cs","Audited +/- count; remaining room location/identity; exact void","Receivers quantity-only; no negative custody; transfer receipts cannot create stock","Positive count additions untreated at correction time; moves carry history","Immutable InventoryCommandRecord; CanonicalInventoryCommand; domain parent/reversal and normalization audits","Serializable executor; immutable operation-key replay; evidence fingerprint / parent versions; atomic ledger and movement","tests/CropQc.Api.Tests/CanonicalReceiptIdentityWorkflowTests.cs",""
"27","Identity correction / legacy identity reconciliation","InventoryIdentityCorrectionOperations; LegacyGrowerLotReconciliationService","src/CropQc.Web/Services/ReceiptInventoryOverrideService.cs","Quantity conserved through audited identity overlay","Active complete correction; no unproved quantity","Historical movements retained; current identity resolved","Immutable InventoryCommandRecord; CanonicalInventoryCommand; domain parent/reversal and normalization audits","Serializable executor; immutable operation-key replay; evidence fingerprint / parent versions; atomic ledger and movement","tests/CropQc.Api.Tests/CanonicalReceiptIdentityWorkflowTests.cs",""
"28","Baseline import / replacement","RoomInventoryImportService.ApplyAsync","src/CropQc.Web/Services/RoomInventoryImportService.cs","Reviewed independent opening authority; never projection balance import","Existing baseline cutover and dependency protection","No inherited historical application","Immutable InventoryCommandRecord; CanonicalInventoryCommand; domain parent/reversal and normalization audits","Serializable executor; immutable operation-key replay; evidence fingerprint / parent versions; atomic ledger and movement","tests/CropQc.Api.Tests/CanonicalBaselineWorkflowTests.cs",""
"29","Inventory summaries / room dashboard","InventoryByVarietyService,92 / DashboardDataService,5231","src/CropQc.Web/Services/DashboardDataService.cs","No physical writes","Authoritative ledger/custody read models; projections not independent supply","Unknown remainder unavailable when historical evidence conflicts","No inventory mutation; existing reporting/QC audit if metadata changes","Nonphysical coordinator","tests/CropQc.Api.Tests/CanonicalSelectorCoverageTests.cs",""
"30","Traceback / receipt provenance","RoomReceiptProvenanceResolver.Resolve / ReceiptInventoryProvenanceResolver.ResolveAsync","src/CropQc.Web/Services/RoomReceiptProvenanceResolver.cs","No physical writes","Receipt/origin/movement provenance only","Read original application relationships","No inventory mutation; existing reporting/QC audit if metadata changes","Nonphysical coordinator","tests/CropQc.Api.Tests/RoomReceiptProvenanceResolverTests.cs",""
"31","Admin reconciliation / readiness / conservation","RoomInventoryReconciliationService; InventoryIdentityCorrectionOperations; InventoryConservationReportService","src/CropQc.Web/Services/InventoryIdentityCorrectionOperations.cs","No physical writes","Ledger plus original parents; partial custody checked independently","Reject inconsistent treatment/identity evidence","No inventory mutation; existing reporting/QC audit if metadata changes","Nonphysical coordinator","tests/CropQc.Api.Tests/InventoryIdentityServiceTests.cs",""
"32","Background/API/one-time writers","Program CLI repair commands; historical correction services; API receipt route","src/CropQc.Web/Program.cs","Explicit maintenance only; no automatic repair","Runtime tracked/SQL guards; separate authorization and release gates","Historical repair requires independent evidence","Operation-specific audit; no exemption from canonical guard","Explicit exceptional maintenance (not ordinary traffic)","tests/CropQc.Api.Tests/CanonicalInventoryActivationTests.cs",""
"33","Partial acknowledgement","POST /Receipts/{id}/AcknowledgeTransfer; TruckReceiptReconciliationService.AcknowledgeAsync","src/CropQc.Data/Inventory/InventoryCommandReceiptCustody.cs","Original unresolved dispatch -> receipt-held; no room credit","Loaded = unresolved + held + placed; complete only when all placed and receipt matches","Exact selected dispatch allocation memberships; effective reversal state; no destination history inheritance","Immutable acknowledgement/placement; CanonicalReceiptCustody and CanonicalInventoryCommand; actor/time/reason","Serializable executor; receipt+transfer versions; operation and allocation uniqueness; tracked immutability; antiforgery/receiving/crew checks","tests/CropQc.Api.Tests/ReceiptCustodyWorkflowTests.cs; tests/CropQc.Api.Tests/ReceiptCustodyHttpTests.cs","Canonical mode; exact allocation choice required; no automatic shortage disposition"
"34","Receipt-held room placement","POST /Receipts/{id}/PlaceTransferCustody; TruckReceiptReconciliationService.PlaceCustodyAsync","src/CropQc.Data/Inventory/InventoryCommandReceiptCustody.cs","Exact remaining acknowledgement -> destination room; original dispatch retained","Loaded = unresolved + held + placed; complete only when all placed and receipt matches","Exact selected dispatch allocation memberships; effective reversal state; no destination history inheritance","Immutable acknowledgement/placement; CanonicalReceiptCustody and CanonicalInventoryCommand; actor/time/reason","Serializable executor; receipt+transfer versions; operation and allocation uniqueness; tracked immutability; antiforgery/receiving/crew checks","tests/CropQc.Api.Tests/ReceiptCustodyWorkflowTests.cs; tests/CropQc.Api.Tests/ReceiptCustodyHttpTests.cs","Canonical mode; exact allocation choice required; no automatic shortage disposition"
"35","Held acknowledgement compensation","POST /Receipts/{id}/ReverseAcknowledgment","src/CropQc.Data/Inventory/InventoryCommandReceiptReversal.cs","held -> unresolved; no physical ledger","Loaded = unresolved + held + placed; complete only when all placed and receipt matches","Exact selected dispatch allocation memberships; effective reversal state; no destination history inheritance","Immutable ReceiptCustodyReversal links original acknowledgement/placement; actor/reason/time; command and custody audit","Serializable executor; receipt+transfer versions; operation and allocation uniqueness; tracked immutability; antiforgery/receiving/crew checks","tests/CropQc.Api.Tests/ReceiptCustodyCorrectionTests.cs; tests/CropQc.Api.Tests/ReceiptCustodyHttpTests.cs","Block consumed, moved, treated, reclassified or unproven placement custody; PostgreSQL migration fences older physical writers"
"36","Untouched placement compensation","POST /Receipts/{id}/ReversePlacement","src/CropQc.Data/Inventory/InventoryCommandReceiptReversal.cs","exact original placement room debit -> receipt-held; source room unchanged","Loaded = unresolved + held + placed; complete only when all placed and receipt matches","Exact selected dispatch allocation memberships; effective reversal state; no destination history inheritance","Immutable ReceiptCustodyReversal links original acknowledgement/placement; actor/reason/time; command and custody audit","Serializable executor; receipt+transfer versions; operation and allocation uniqueness; tracked immutability; antiforgery/receiving/crew checks","tests/CropQc.Api.Tests/ReceiptCustodyCorrectionTests.cs; tests/CropQc.Api.Tests/ReceiptCustodyHttpTests.cs","Block consumed, moved, treated, reclassified or unproven placement custody; PostgreSQL migration fences older physical writers"
